<?xml version="1.0" encoding="utf-8" ?>
<dwsync>
<file name="guage_bar.svg" server="qwqwqwe.cafe24.com" local="132198474653835937" remote="132193780200000000" Dst="0" />
<file name="icon_119.svg" server="qwqwqwe.cafe24.com" local="132198474653845911" remote="132192933000000000" Dst="0" />
<file name="icon_ai.svg" server="qwqwqwe.cafe24.com" local="132198474654214941" remote="132192933000000000" Dst="0" />
<file name="icon_alarm01.svg" server="qwqwqwe.cafe24.com" local="132198474654843418" remote="132192933000000000" Dst="0" />
<file name="icon_back.svg" server="qwqwqwe.cafe24.com" local="132198474655222402" remote="132192933000000000" Dst="0" />
<file name="icon_alarm02.svg" server="qwqwqwe.cafe24.com" local="132198474654843418" remote="132192933000000000" Dst="0" />
<file name="icon_change.svg" server="qwqwqwe.cafe24.com" local="132198474656199814" remote="132192933000000000" Dst="0" />
<file name="icon_comingsoon.svg" server="qwqwqwe.cafe24.com" local="132198474656080108" remote="132192933000000000" Dst="0" />
<file name="icon_fix.svg" server="qwqwqwe.cafe24.com" local="132198474656339420" remote="132192933000000000" Dst="0" />
<file name="icon_locate.svg" server="qwqwqwe.cafe24.com" local="132198474658495401" remote="132192933000000000" Dst="0" />
<file name="icon_menu.svg" server="qwqwqwe.cafe24.com" local="132198474659363082" remote="132192933000000000" Dst="0" />
<file name="icon_history.svg" server="qwqwqwe.cafe24.com" local="132198474658256355" remote="132192933000000000" Dst="0" />
<file name="icon_xBtn.svg" server="qwqwqwe.cafe24.com" local="132198474660609395" remote="132192933000000000" Dst="0" />
<file name="icon_target.svg" server="qwqwqwe.cafe24.com" local="132198474659602122" remote="132192933000000000" Dst="0" />
<file name="login_icon01.svg" server="qwqwqwe.cafe24.com" local="132198474660859048" remote="132192933000000000" Dst="0" />
<file name="login_icon02.svg" server="qwqwqwe.cafe24.com" local="132198474660859048" remote="132192933000000000" Dst="0" />
<file name="login_img.svg" server="qwqwqwe.cafe24.com" local="132198474662056123" remote="132192933000000000" Dst="0" />
<file name="logo_login.svg" server="qwqwqwe.cafe24.com" local="132198474661915906" remote="132193856400000000" Dst="0" />
<file name="logo_skRental.svg" server="qwqwqwe.cafe24.com" local="132198474662195758" remote="132192933000000000" Dst="0" />
<file name="main_guage.png" server="qwqwqwe.cafe24.com" local="132198474663232985" remote="132192933000000000" Dst="0" />
<file name="popup_bg.png" server="qwqwqwe.cafe24.com" local="132198474663572501" remote="132192933000000000" Dst="0" />
<file name="icon_i.svg" server="qwqwqwe.cafe24.com" local="132198474658395310" remote="132197722200000000" Dst="0" />
<file name="icon_pen.svg" server="qwqwqwe.cafe24.com" local="132198474659592470" remote="132197722200000000" Dst="0" />
<file name="coffee.png" server="qwqwqwe.cafe24.com" local="132198474653616522" remote="132198450000000000" Dst="0" />
<file name="icon_grade01.svg" server="qwqwqwe.cafe24.com" local="132198474656907905" remote="132198301200000000" Dst="0" />
<file name="icon_grade02.svg" server="qwqwqwe.cafe24.com" local="132198474657376649" remote="132198301200000000" Dst="0" />
<file name="icon_grade03.svg" server="qwqwqwe.cafe24.com" local="132198474657376649" remote="132198301200000000" Dst="0" />
</dwsync>