<?xml version="1.0" encoding="utf-8" ?>
<dwsync>
<file name="icon_ai.svg" server="qwqwqwe.cafe24.com" local="132192916153877522" remote="132192933000000000" Dst="0" />
<file name="icon_119.svg" server="qwqwqwe.cafe24.com" local="132192914444463224" remote="132192933000000000" Dst="0" />
<file name="guage_bar.svg" server="qwqwqwe.cafe24.com" local="132193780021371419" remote="132193780200000000" Dst="0" />
<file name="icon_alarm01.svg" server="qwqwqwe.cafe24.com" local="132192913004416592" remote="132192933000000000" Dst="0" />
<file name="icon_alarm02.svg" server="qwqwqwe.cafe24.com" local="132192914984086326" remote="132192933000000000" Dst="0" />
<file name="icon_back.svg" server="qwqwqwe.cafe24.com" local="132192917861873627" remote="132192933000000000" Dst="0" />
<file name="icon_change.svg" server="qwqwqwe.cafe24.com" local="132192916415114150" remote="132192933000000000" Dst="0" />
<file name="icon_comingsoon.svg" server="qwqwqwe.cafe24.com" local="132192916743170682" remote="132192933000000000" Dst="0" />
<file name="icon_fix.svg" server="qwqwqwe.cafe24.com" local="132192913407801129" remote="132192933000000000" Dst="0" />
<file name="icon_history.svg" server="qwqwqwe.cafe24.com" local="132192913803606219" remote="132192933000000000" Dst="0" />
<file name="icon_locate.svg" server="qwqwqwe.cafe24.com" local="132192914126120832" remote="132192933000000000" Dst="0" />
<file name="icon_menu.svg" server="qwqwqwe.cafe24.com" local="132192932593448172" remote="132192933000000000" Dst="0" />
<file name="icon_xBtn.svg" server="qwqwqwe.cafe24.com" local="132192918161803288" remote="132192933000000000" Dst="0" />
<file name="icon_target.svg" server="qwqwqwe.cafe24.com" local="132192912620519740" remote="132192933000000000" Dst="0" />
<file name="login_icon01.svg" server="qwqwqwe.cafe24.com" local="132192908949102310" remote="132192933000000000" Dst="0" />
<file name="login_img.svg" server="qwqwqwe.cafe24.com" local="132192908536585219" remote="132192933000000000" Dst="0" />
<file name="login_icon02.svg" server="qwqwqwe.cafe24.com" local="132192909288774155" remote="132192933000000000" Dst="0" />
<file name="logo_skRental.svg" server="qwqwqwe.cafe24.com" local="132192909775269616" remote="132192933000000000" Dst="0" />
<file name="main_guage.png" server="qwqwqwe.cafe24.com" local="132192910416821346" remote="132192933000000000" Dst="0" />
<file name="popup_bg.png" server="qwqwqwe.cafe24.com" local="132192918390544457" remote="132192933000000000" Dst="0" />
<file name="logo_login.svg" server="qwqwqwe.cafe24.com" local="132193856358112880" remote="132193856400000000" Dst="0" />
</dwsync>